{"apellido":"de","nombre":"Delphine","genero":"","correo":"dbertin.diet@gmail.com","contrasena":"ed2a376d211de96f6aa3853eacff389217d390e3","imagen":"C:\\xampp2\\htdocs\\proyectoI\\ProyectoIntegradorRenovado\/fotoPerfil\/b18dbf6acd7324df0c94ada294c70688.jpg"}
{"apellido":"de","nombre":"Delphine","genero":"","correo":"dbertin.diet@gmail.com","contrasena":"ed2a376d211de96f6aa3853eacff389217d390e3","imagen":"C:\\xampp2\\htdocs\\proyectoI\\ProyectoIntegradorRenovado\/fotoPerfil\/5ad51b1ed952bd83376b31a32d0eb52d.jpg"}
{"apellido":"de","nombre":"Delphine","genero":"","correo":"dbertin.diet@gmail.com","contrasena":"ed2a376d211de96f6aa3853eacff389217d390e3","imagen":"C:\\xampp2\\htdocs\\proyectoI\\ProyectoIntegradorRenovado\/fotoPerfil\/61b7c5d15e7916fc0e4bb17869799f99.jpg"}
{"apellido":"de","nombre":"Delphine","genero":"","correo":"dbertin.diet@gmail.com","contrasena":"ed2a376d211de96f6aa3853eacff389217d390e3","imagen":"C:\\xampp2\\htdocs\\proyectoI\\ProyectoIntegradorRenovado\/fotoPerfil\/dfb92db86d9fbb548dcaf03db383cd96.jpg"}
{"apellido":"BERTIN","nombre":"Marie-Christine","genero":"Mujer","correo":"dbertin.diet@gmail.cpm","contrasena":"32af00516f76311568540d91ca86ecf452bd91db","imagen":"C:\\xampp2\\htdocs\\proyectoI\\ProyectoIntegradorRenovado\/fotoPerfil\/1f77b76873aa458802ae56b090f22923.jpg"}
{"apellido":"barbier","nombre":"Eliane","genero":"Mujer","correo":"dbertin.diet@gmail.cpm","contrasena":"2c556f209be6d03e93f35decf0e0f699e6e5b3a5","imagen":"C:\\xampp2\\htdocs\\proyectoI\\ProyectoIntegradorRenovado\/fotoPerfil\/a810401b8324e3d13b577a925627d20f.jpg"}
{"apellido":"BERTIN","nombre":"Delphine","genero":"","correo":"dbertin.diet@gmail.cpm","contrasena":"a7bcfa6f54e8dc228814da178f8209c2a319efed","imagen":"C:\\xampp2\\htdocs\\proyectoI\\ProyectoIntegradorRenovado\/fotoPerfil\/b63ce864204e881043e87f07de1b98b0.jpg"}
{"apellido":"b\u00eater","nombre":"dede","genero":"","correo":"dbertin.diet@gmail.cpm","contrasena":"eb4975a560a809aeecb20457da66ad008f3fb852","imagen":"C:\\xampp2\\htdocs\\proyectoI\\ProyectoIntegradorRenovado\/fotoPerfil\/55afc7015f9788f7f139b75d797a5ea0.jpg"}
{"apellido":"b\u00eater","nombre":"dede","genero":"","correo":"dbertin.diet@gmail.cpm","contrasena":"eb4975a560a809aeecb20457da66ad008f3fb852","imagen":"C:\\xampp2\\htdocs\\proyectoI\\ProyectoIntegradorRenovado\/fotoPerfil\/c43d96886ebdd8add4ef56a25687f15a.jpg"}
{"apellido":"molinos","nombre":"joaquin","genero":"Hombre","correo":"joaco.molinos.jm@gmail.com","contrasena":"b53225e49f24a9d11de55966c2fb09ba0b51544a","imagen":"C:\\xampp\\htdocs\\GitHub\\ProyectoIntegrador\\ProyectoIntegradorRenovado\/fotoPerfil\/786587dd8a333bef42fa4507be028732.jpg"}
{"apellido":"pepe","nombre":"pepito","genero":"Hombre","correo":"pepito@hotmail.com","contrasena":"b8b31e99cf7efbd87920b8c81926bd45b05bbbd1","imagen":"C:\\xampp\\htdocs\\GitHub\\ProyectoIntegrador\\ProyectoIntegradorRenovado\/fotoPerfil\/afd3d4df7a15ed891f1433fd7f03e55c.jpg"}
{"apellido":"pepe","nombre":"pepito","genero":"Hombre","correo":"pepito@hotmail.com","contrasena":"b8b31e99cf7efbd87920b8c81926bd45b05bbbd1","imagen":"C:\\xampp\\htdocs\\GitHub\\ProyectoIntegrador\\ProyectoIntegradorRenovado\/fotoPerfil\/963f2f41ec68c9e1c49fb613266ba289.jpg"}
{"apellido":"BERTIN","nombre":"Delphine","genero":"Mujer","correo":"dbertin.diet@gmail.cpm","contrasena":"a10294a83606b15a08a6315982a23db0809cfb17","imagen":"C:\\xampp2\\htdocs\\proyectoI\\ProyectoIntegradorRenovado\/fotoPerfil\/8d59687dd860ad1d921eba807c79a083.jpg"}
{"apellido":"Lartillier","nombre":"Val\u00e9rie","genero":"Mujer","correo":"dbertin.diet@gmail.cpm","contrasena":"a7bcfa6f54e8dc228814da178f8209c2a319efed","imagen":"C:\\xampp2\\htdocs\\proyectoI\\ProyectoIntegradorRenovado\/fotoPerfil\/3c7af3d0c2b92dc37f1f2265b001a4ff.jpg"}
{"apellido":"BERTIN","nombre":"Delphine","genero":"","correo":"dbertin.diet@gmail.cpm","contrasena":"a7bcfa6f54e8dc228814da178f8209c2a319efed","imagen":"C:\\xampp2\\htdocs\\proyectoI\\ProyectoIntegradorRenovado\/fotoPerfil\/0851386ae1a5474559ad5cec4cba3317.jpg"}
{"apellido":"BERTIN","nombre":"Delphine","genero":"","correo":"dbertin.diet@gmail.cpm","contrasena":"a7bcfa6f54e8dc228814da178f8209c2a319efed","imagen":"C:\\xampp2\\htdocs\\proyectoI\\ProyectoIntegradorRenovado\/fotoPerfil\/f1ca928b8a7062870986ac9475c95da2.jpg"}
{"apellido":"BERTIN","nombre":"Delphine","genero":"","correo":"dbertin.diet@gmail.cpm","contrasena":"a7bcfa6f54e8dc228814da178f8209c2a319efed","imagen":"C:\\xampp2\\htdocs\\proyectoI\\ProyectoIntegradorRenovado\/fotoPerfil\/b13952dfda6561c4b4cb18d5f953c36c.jpg"}
{"apellido":"BERTIN","nombre":"Delphine","genero":"","correo":"dbertin.diet@gmail.cpm","contrasena":"a7bcfa6f54e8dc228814da178f8209c2a319efed","imagen":"C:\\xampp2\\htdocs\\proyectoI\\ProyectoIntegradorRenovado\/fotoPerfil\/5e2ced15cda3e9f42737317d7517da17.jpg"}
{"apellido":"BERTIN","nombre":"Delphine","genero":"","correo":"dbertin.diet@gmail.cpm","contrasena":"a7bcfa6f54e8dc228814da178f8209c2a319efed","imagen":"C:\\xampp2\\htdocs\\proyectoI\\ProyectoIntegradorRenovado\/fotoPerfil\/3b4b472eaf6c3c48e743f500e1ceeaff.jpg"}
{"apellido":"BERTIN","nombre":"Delphine","genero":"","correo":"dbertin.diet@gmail.cpm","contrasena":"ed2a376d211de96f6aa3853eacff389217d390e3","imagen":"C:\\xampp2\\htdocs\\proyectoI\\ProyectoIntegradorRenovado\/fotoPerfil\/54ff5bbc5cfab2c6ce53b932eaa49310.jpg"}
{"apellido":"bertin","nombre":"dede","genero":"","correo":"dbertin.diet@gmail.com","contrasena":"ed2a376d211de96f6aa3853eacff389217d390e3","imagen":"C:\\xampp2\\htdocs\\proyectoI\\ProyectoIntegradorRenovado\/fotoPerfil\/7374abbccc791beca45c96d7baeb7949.jpg"}
{"imagen":"C:\\xampp2\\htdocs\\proyectoI\\ProyectoIntegradorRenovado\\classes.\/fotoPerfil\/57707ea45226f31b412bed560ed43e6e.jpg"}
{"imagen":"C:\\xampp2\\htdocs\\proyectoI\\ProyectoIntegradorRenovado\\classes.\/fotoPerfil\/6c1cdbb5bf1a81c2cf2bfb8b59f54520.jpg"}
{"imagen":"C:\\xampp2\\htdocs\\proyectoI\\ProyectoIntegradorRenovado\\classes.\/fotoPerfil\/2e2e730a18761e0e2e2077363182662f.jpg"}
{"imagen":"C:\\xampp2\\htdocs\\proyectoI\\ProyectoIntegradorRenovado\\classes..\/fotoPerfil\/8d2fc341ead01c66958920f6e5fb1bca.jpg"}
{"imagen":"C:\\xampp2\\htdocs\\proyectoI\\ProyectoIntegradorRenovado\\classes\/fotoPerfil\/7c790b879b16962d2ca678ae5c4ac928.jpg"}
{"imagen":"C:\\xampp2\\htdocs\\proyectoI\\ProyectoIntegradorRenovado\\classes\/fotoPerfil\/7a9d5248fec17a06b927f686a056317b.jpg"}
{"imagen":"C:\\xampp2\\htdocs\\proyectoI\\ProyectoIntegradorRenovado\\classes\/fotoPerfil\/d73b5265441d739f3c997394b1c98603.jpg"}
{"imagen":"C:\\xampp2\\htdocs\\proyectoI\\ProyectoIntegradorRenovado\\classes\/fotoPerfil\/04c874dc209811cfc5dfffdf381a8d9f.jpg"}
{"imagen":"C:\\xampp2\\htdocs\\proyectoI\\ProyectoIntegradorRenovado\\classes\/fotoPerfil\/fotoPerfil\/848c782fadca274d3bb8bfe6e0de6cc8.jpg"}
{"imagen":"C:\\xampp2\\htdocs\\proyectoI\\ProyectoIntegradorRenovado\\classes\/fotoPerfil\/fotoPerfil\/9f04debbb0091bf574d6f30021a483b7.jpg"}
{"imagen":"C:\\xampp2\\htdocs\\proyectoI\\ProyectoIntegradorRenovado\\classes\/fotoPerfil\/fotoPerfil\/7526068fa2c102bc84108f3182ab05d7.jpg"}
{"imagen":"\\\/fotoPerfil\/d51577bb02ef615947868bad0e77b809.jpg"}
{"imagen":"\\\/fotoPerfil\/b4bb1580b9b1b91dd36b5c91ba491069.jpg"}
{"imagen":"\\\/fotoPerfil\/b42788b5936890a2cbd245eefc1e8320.jpg"}
{"imagen":".\/fotoPerfil\/190bbc7cf91227c7cbc6fd1661bfcbb1.jpg"}
{"imagen":".\/fotoPerfil\/7205c4fe9892bb589830d97cfe468c86.jpg"}
{"imagen":".\/fotoPerfil\/7c067487ed09513fa8d5ad7dbf113775.jpg"}
{"imagen":".\/fotoPerfil\/856ce928efa0ee9d52b64708ca07b3b4.jpg"}
{"imagen":".\/fotoPerfil\/dd551ba310edac3680c5f5e5c07be19a.jpg"}
{"imagen":".\/fotoPerfil\/47a606ecafaa5da6c15abb3fdec9ccfb.jpg"}
{"imagen":".\/fotoPerfil\/1d7519af3f953d0f96c3ba628b02193f.jpg"}
{"imagen":".\/fotoPerfil\/740efca204ca523637f1e77758ece213.jpg"}
{"imagen":".\/fotoPerfil\/f534ad78e0335e4c38855bc5c3b76ca3.jpg"}
{"imagen":".\/fotoPerfil\/41a7b0c415f3c644ee6e10d98d051ebc.jpg"}
{"imagen":".\/fotoPerfil\/c7425d7bd12c4e1cff94548b0ad6627d.jpg"}
{}
{"imagen":".\/fotoPerfil\/8a14989f6bc220255a13e80068df104f.jpg"}
{"imagen":".\/fotoPerfil\/049892580181628901ae381e3d704ded.jpg"}
{"imagen":".\/fotoPerfil\/b202165e8ff9676c6f5301951e17cbbb.jpg"}
{"imagen":".\/fotoPerfil\/c6264dd60353e65de10d01234e8652a8.jpg"}
